Duration,Distance,Pace,Cadence
0,0.00097,1031,62
1,0.00211,879,71
1,0.00366,646,74
1,0.00366,582,77
1,0.00512,547,80
1,0.00512,533,81
1,0.0122,,81
1,0.01639,404,82
1,0.0175,253,83
1,0.0218,253,82
1,0.02436,261,82
1,0.02662,,82
1,0.03161,443,81
1,0.03413,452,81
1,0.03636,458,81
1,0.03925,331,81
1,0.04219,360,80
1,0.04512,360,80
1,0.04691,352,79
1,0.04978,352,79
1,0.05209,379,79
1,0.05471,388,79
1,0.05752,387,79
1,0.05978,388,79
1,0.06116,388,79
1,0.0628,388,79
1,0.06548,409,79
1,0.0681,420,79
1,0.07109,422,79
1,0.07314,419,79
1,0.07481,415,80
1,0.07725,415,81
1,0.07971,420,83
1,0.08262,422,83
1,0.08516,422,83
1,0.08749,409,83
1,0.08952,409,83
1,0.0913,409,82
1,0.09313,424,82
1,0.09612,441,83
1,0.09806,441,84
1,0.10039,434,84
1,0.10348,434,84
1,0.10552,434,83
1,0.10787,429,84
1,0.11063,429,84
1,0.11326,429,84
1,0.11593,425,84
1,0.11841,424,84
1,0.12158,420,84
1,0.12381,420,84
1,0.1262,417,84
1,0.12855,417,84
1,0.13052,417,84
1,0.13358,417,84
1,0.13571,417,84
1,0.13777,417,84
1,0.13954,417,84
1,0.1418,419,83
1,0.14419,422,82
1,0.14605,424,81
1,0.14879,424,81
1,0.15154,425,80
1,0.15392,425,80
1,0.15677,422,80
1,0.15909,422,80
1,0.16133,420,80
1,0.16406,420,79
1,0.16566,420,79
1,0.16846,422,79
1,0.17111,422,79
1,0.17318,422,80
1,0.1766,422,80
1,0.17853,420,81
1,0.18091,420,81
1,0.18304,420,82
1,0.18534,420,82
1,0.18755,420,83
1,0.18896,422,82
1,0.19223,422,82
1,0.19556,422,81
1,0.19871,422,81
1,0.20251,420,81
1,0.20531,419,81
1,0.20821,417,81
1,0.2112,417,81
1,0.21361,415,83
1,0.21581,414,83
1,0.21883,414,82
1,0.22098,414,82
1,0.22382,409,81
1,0.22621,406,80
1,0.22918,403,80
1,0.23131,403,80
1,0.23355,400,80
1,0.23569,400,80
1,0.23764,406,80
1,0.24008,412,80
1,0.2422,414,79
1,0.24416,415,79
1,0.24626,415,79
1,0.24841,422,79
1,0.25035,422,79
1,0.25264,425,80
1,0.25498,430,80
1,0.25682,430,81
1,0.25893,430,81
1,0.26157,437,82
1,0.26423,437,82
1,0.26686,429,82
1,0.26907,422,81
1,0.27157,422,81
1,0.27439,420,81
1,0.2773,420,81
1,0.27949,414,80
1,0.28178,412,80
1,0.28385,412,80
1,0.28583,414,80
1,0.28831,417,82
1,0.29076,419,83
1,0.29361,419,83
1,0.29632,419,83
1,0.299,415,82
1,0.30182,412,81
1,0.30456,411,80
1,0.3074,409,80
1,0.30981,406,80
1,0.31238,404,80
1,0.31457,404,80
1,0.31705,404,79
1,0.3194,404,79
1,0.32133,404,79
1,0.32385,406,79
1,0.32633,409,79
1,0.32875,409,79
1,0.33191,409,79
1,0.33432,409,79
1,0.33631,406,79
1,0.33855,406,79
1,0.34134,409,79
1,0.34351,409,79
1,0.34583,409,79
1,0.34815,409,79
1,0.35037,409,79
1,0.35272,411,79
1,0.35545,411,79
1,0.35782,411,80
1,0.35993,411,80
1,0.36189,411,80
1,0.36376,412,80
1,0.36636,412,80
1,0.36847,414,80
1,0.37036,414,81
1,0.37234,415,82
1,0.37482,417,82
1,0.3773,419,82
1,0.37969,419,82
1,0.38214,419,81
1,0.38409,419,81
1,0.38736,419,81
1,0.39117,419,80
1,0.39443,419,80
1,0.39685,414,79
1,0.39921,412,79
1,0.40107,411,79
1,0.40324,411,79
1,0.40593,412,79
1,0.40813,412,79
1,0.41072,412,79
1,0.41354,412,79
1,0.41634,412,79
1,0.4191,412,79
1,0.42157,411,79
1,0.42362,411,79
1,0.42575,411,78
1,0.42809,411,78
1,0.43001,411,78
1,0.43173,412,79
1,0.43365,412,79
1,0.43603,414,79
1,0.43815,415,79
1,0.44059,415,79
1,0.44311,417,79
1,0.44608,417,79
1,0.44908,417,79
1,0.45197,415,79
1,0.4544,414,79
1,0.45671,412,79
1,0.45915,412,79
1,0.46165,412,78
1,0.46382,412,78
1,0.46677,412,79
1,0.46947,412,79
1,0.47213,411,79
1,0.47482,411,80
1,0.47744,409,80
1,0.47985,409,80
1,0.48156,409,80
1,0.48331,409,80
1,0.48561,411,80
1,0.48833,412,82
1,0.49109,412,82
1,0.49394,412,82
1,0.49651,412,82
1,0.49848,411,81
1,0.5011,411,81
1,0.50384,411,81
1,0.50657,411,80
1,0.50912,411,80
1,0.51158,409,80
1,0.51338,409,80
1,0.51564,409,80
1,0.51819,411,80
1,0.52083,411,80
1,0.52363,411,80
1,0.52616,411,80
1,0.52811,409,81
1,0.53004,409,82
1,0.53239,411,82
1,0.53426,412,82
1,0.53699,412,81
1,0.53964,414,81
1,0.54224,414,81
1,0.54504,412,81
1,0.54773,412,80
1,0.55028,411,80
1,0.55305,411,80
1,0.55518,411,80
1,0.55773,409,81
1,0.56015,409,82
1,0.56228,409,82
1,0.56501,409,82
1,0.56722,409,82
1,0.5698,409,82
1,0.5712,409,82
1,0.57343,411,82
1,0.57625,412,83
1,0.58005,412,83
1,0.58273,412,83
1,0.58525,409,83
1,0.58768,407,83
1,0.59039,407,83
1,0.59348,407,82
1,0.59669,407,82
1,0.59956,406,82
1,0.60187,404,82
1,0.60365,403,82
1,0.60622,403,82
1,0.60853,403,82
1,0.61115,404,82
1,0.61442,403,82
1,0.61712,403,82
1,0.62031,401,82
1,0.6231,401,82
1,0.62574,400,82
1,0.6285,398,82
1,0.63051,398,82
1,0.63322,398,82
1,0.63576,398,82
1,0.638,397,82
1,0.64059,397,82
1,0.64314,397,81
1,0.64587,397,80
1,0.64884,397,80
1,0.65192,397,80
1,0.65472,395,80
1,0.65776,394,80
1,0.66051,394,80
1,0.66307,393,80
1,0.66608,393,80
1,0.66921,391,80
1,0.67172,391,80
1,0.67444,390,80
1,0.67718,388,80
1,0.67924,388,80
1,0.68199,388,80
1,0.68517,388,80
1,0.68767,387,80
1,0.69049,387,80
1,0.69312,386,79
1,0.69539,386,80
1,0.69804,386,80
1,0.7007,386,81
1,0.70295,386,80
1,0.70546,386,80
1,0.70805,386,80
1,0.7105,386,80
1,0.71331,386,80
1,0.71571,386,80
1,0.71807,386,80
1,0.72047,386,80
1,0.7231,386,80
1,0.72556,386,80
1,0.72811,386,80
1,0.73037,386,80
1,0.73275,386,80
1,0.73558,387,80
1,0.73828,387,80
1,0.74035,387,80
1,0.74295,387,80
1,0.74591,387,80
1,0.74845,387,80
1,0.75138,386,80
1,0.75404,386,80
1,0.75657,386,80
1,0.75925,384,80
1,0.76171,384,80
1,0.7641,384,80
1,0.76672,384,80
1,0.76929,384,80
1,0.77158,384,80
1,0.77429,384,80
1,0.77644,386,80
1,0.77899,386,80
1,0.78136,386,80
1,0.78394,386,80
1,0.78619,386,80
1,0.78908,387,80
1,0.79122,387,80
1,0.79398,387,80
1,0.79662,387,80
1,0.79916,387,80
1,0.80178,387,80
1,0.80464,387,80
1,0.80677,387,80
1,0.80973,387,80
1,0.81268,387,80
1,0.81531,387,80
1,0.81819,386,80
1,0.82045,386,80
1,0.82268,386,80
1,0.82464,386,80
1,0.82683,386,80
1,0.82936,387,80
1,0.83184,388,80
1,0.83473,388,80
1,0.83754,388,80
1,0.84001,388,80
1,0.84262,388,80
1,0.84504,388,80
1,0.84788,388,80
1,0.85048,388,81
1,0.85273,388,81
1,0.85519,388,81
1,0.85798,388,82
1,0.86076,388,83
1,0.86381,388,84
1,0.86665,387,84
1,0.86952,386,83
1,0.87228,384,83
1,0.87492,383,82
1,0.87748,383,82
1,0.8801,381,82
1,0.88256,381,82
1,0.88572,381,82
1,0.88805,381,81
1,0.89068,380,81
1,0.89346,380,81
1,0.89556,380,81
1,0.89823,380,81
1,0.90075,381,82
1,0.9033,381,83
1,0.90615,381,83
1,0.90868,381,83
1,0.91137,381,83
1,0.91463,381,82
1,0.91691,381,82
1,0.91957,380,82
1,0.92219,380,82
1,0.92437,380,82
1,0.92687,380,81
1,0.92947,380,81
1,0.93172,381,80
1,0.93402,381,80
1,0.93695,381,80
1,0.93925,381,80
1,0.94184,383,80
1,0.94503,383,80
1,0.947,383,80
1,0.94966,383,80
1,0.95244,383,80
1,0.95456,383,80
1,0.95715,383,80
1,0.95989,384,80
1,0.96165,384,80
1,0.9643,384,80
1,0.96692,386,80
1,0.96918,386,80
1,0.97183,386,80
1,0.97461,387,80
1,0.97708,387,80
1,0.98034,387,80
1,0.98311,387,80
1,0.98536,386,80
1,0.98784,386,80
1,0.99024,386,80
1,0.99261,386,80
1,0.99519,386,80
1,0.99741,387,80
1,0.99975,387,80
1,1.00287,387,81
1,1.00504,387,81
1,1.00741,388,82
1,1.00989,388,83
1,1.01253,388,83
1,1.01592,388,83
1,1.01839,388,83
1,1.02109,387,83
1,1.02455,387,83
1,1.02677,387,83
1,1.02949,386,84
1,1.0319,386,84
1,1.03452,386,84
1,1.03739,386,84
1,1.03984,386,83
1,1.04297,386,83
1,1.04581,384,83
1,1.04816,384,84
1,1.05098,384,84
1,1.05336,383,84
1,1.0556,383,84
1,1.05754,383,83
1,1.0594,384,83
1,1.06196,386,83
1,1.06496,387,82
1,1.06759,387,82
1,1.07115,386,83
1,1.07351,386,82
1,1.07661,386,82
1,1.07991,384,83
1,1.08252,384,84
1,1.08582,383,84
1,1.08853,383,83
1,1.09152,381,83
1,1.09445,381,82
1,1.09713,380,82
1,1.09973,379,82
1,1.1023,379,81
1,1.1044,379,81
1,1.10699,379,81
1,1.10955,379,81
1,1.11171,379,81
1,1.11471,379,81
1,1.11762,379,81
1,1.12032,379,81
1,1.12329,379,81
1,1.12589,379,81
1,1.12838,377,81
1,1.13124,377,82
1,1.13393,377,83
1,1.13653,377,83
1,1.13922,377,83
1,1.14215,377,83
1,1.14494,377,82
1,1.14754,376,82
1,1.15026,375,82
1,1.1527,375,82
1,1.15517,375,81
1,1.15785,375,81
1,1.16075,375,81
1,1.16332,375,81
1,1.1662,375,81
1,1.16946,375,81
1,1.17203,375,80
1,1.17452,372,80
1,1.17745,372,80
1,1.17982,372,80
1,1.18254,372,80
1,1.18576,372,80
1,1.18801,372,80
1,1.19071,372,81
1,1.19345,372,82
1,1.19639,372,84
1,1.19906,372,84
1,1.20139,371,84
1,1.2044,371,83
1,1.20699,371,83
1,1.20922,370,83
1,1.21227,370,82
1,1.21486,370,83
1,1.2179,370,84
1,1.2205,370,84
1,1.22336,368,84
1,1.22665,368,84
1,1.22939,368,84
1,1.23202,366,83
1,1.23491,366,82
1,1.23716,366,82
1,1.24003,366,82
1,1.24242,366,82
1,1.24508,366,83
1,1.24773,367,84
1,1.2504,367,84
1,1.25299,367,84
1,1.25546,367,83
1,1.25763,367,82
1,1.26016,368,82
1,1.2627,370,82
1,1.26539,370,82
1,1.2683,370,82
1,1.27074,370,82
1,1.2732,371,83
1,1.27553,371,83
1,1.27787,371,84
1,1.2806,372,84
1,1.28322,373,84
1,1.28575,373,84
1,1.28866,373,83
1,1.29139,373,83
1,1.29456,373,83
1,1.29688,373,83
1,1.30019,373,84
1,1.30245,372,84
1,1.30491,372,84
1,1.30817,372,84
1,1.31112,372,84
1,1.31422,372,84
1,1.31719,371,83
1,1.31969,371,83
1,1.32252,370,82
1,1.32536,370,82
1,1.32798,370,82
1,1.33125,370,82
1,1.33413,368,82
1,1.33685,368,82
1,1.33989,367,82
1,1.34265,367,82
1,1.34574,367,82
1,1.34892,366,82
1,1.35131,366,82
1,1.35422,365,82
1,1.357,365,82
1,1.35967,365,82
1,1.36253,365,82
1,1.36521,365,82
1,1.36783,363,82
1,1.37098,363,83
1,1.37364,363,83
1,1.37629,363,83
1,1.37894,363,83
1,1.38159,363,83
1,1.38459,363,83
1,1.38741,363,83
1,1.39053,362,83
1,1.39357,362,83
1,1.39617,362,83
1,1.39952,361,83
1,1.40205,361,82
1,1.40454,360,82
1,1.40736,360,83
1,1.40991,360,83
1,1.41278,361,84
1,1.41553,360,84
1,1.41836,360,84
1,1.42144,360,84
1,1.4241,360,84
1,1.42716,360,84
1,1.43002,360,84
1,1.43293,358,84
1,1.43587,358,84
1,1.43855,358,84
1,1.44162,357,84
1,1.44441,357,84
1,1.44758,357,84
1,1.45058,356,83
1,1.45295,356,83
1,1.45596,356,83
1,1.45882,355,83
1,1.46166,355,83
1,1.46474,355,83
1,1.46777,355,83
1,1.47085,354,83
1,1.47359,354,83
1,1.47625,352,83
1,1.47926,352,83
1,1.48157,352,83
1,1.48482,352,83
1,1.488,352,83
1,1.49077,352,84
1,1.49412,351,84
1,1.49664,351,83
1,1.49944,351,83
1,1.50243,350,83
1,1.50514,350,84
1,1.50845,350,84
1,1.51114,350,84
1,1.51389,349,84
1,1.51688,349,83
1,1.51935,349,83
1,1.52251,349,84
1,1.52551,349,84
1,1.52861,349,84
1,1.53184,349,84
1,1.53482,348,84
1,1.53808,348,84
1,1.54084,347,84
1,1.54344,347,84
1,1.54647,347,84
1,1.54893,346,83
1,1.55162,347,83
1,1.55444,347,83
1,1.55733,347,84
1,1.5609,347,84
1,1.56392,347,84
1,1.56695,346,84
1,1.56977,345,84
1,1.5726,345,84
1,1.57574,345,84
1,1.57822,345,84
1,1.58156,345,84
1,1.58468,344,84
1,1.58746,344,84
1,1.59072,344,83
1,1.59358,342,83
1,1.59644,342,83
1,1.59938,342,83
1,1.602,342,83
1,1.60525,342,83
1,1.60823,341,84
1,1.6109,341,84
1,1.61366,341,84
1,1.61646,341,84
1,1.61961,341,83
1,1.62264,341,83
1,1.62568,341,83
1,1.62893,340,83
1,1.63153,340,83
1,1.63454,340,83
1,1.63732,340,83
1,1.64009,340,83
1,1.64324,340,83
1,1.64586,340,83
1,1.64871,340,83
1,1.65166,340,84
1,1.65435,340,84
1,1.65743,340,84
1,1.65998,340,84
1,1.6629,340,84
1,1.66598,340,84
1,1.66877,340,84
1,1.67173,340,83
1,1.67463,340,83
1,1.67736,340,82
1,1.68046,340,82
1,1.68326,340,83
1,1.6863,340,83
1,1.68928,340,83
1,1.69192,340,83
1,1.69489,340,83
1,1.69741,340,83
1,1.70072,340,83
1,1.7036,340,83
1,1.7064,340,84
1,1.7094,340,84
1,1.71166,340,84
1,1.7147,340,84
1,1.71759,340,84
1,1.72054,340,84
1,1.72363,340,84
1,1.72633,340,84
1,1.72952,340,84
1,1.73254,340,84
1,1.73549,340,84
1,1.73844,340,84
1,1.74103,340,84
1,1.74391,340,84
1,1.74673,340,84
1,1.74961,340,84
1,1.75256,340,84
1,1.75549,340,84
1,1.75838,340,84
1,1.76114,340,83
1,1.76361,340,83
1,1.76623,340,83
1,1.76896,341,84
1,1.77209,341,84
1,1.77505,341,84
1,1.77802,341,84
1,1.78108,341,84
1,1.78328,341,84
1,1.78612,341,84
1,1.78913,342,84
1,1.79241,342,84
1,1.7955,342,84
1,1.79812,342,84
1,1.80094,342,84
1,1.80361,342,84
1,1.80633,342,84
1,1.80941,342,84
1,1.81203,342,84
1,1.8152,342,84
1,1.81841,342,84
1,1.82111,342,84
1,1.82432,342,84
1,1.82703,342,84
1,1.83017,342,84
1,1.83302,342,84
1,1.83591,342,84
1,1.83879,342,84
1,1.84132,342,84
1,1.84435,342,84
1,1.84716,342,84
1,1.84989,342,84
1,1.85297,342,85
1,1.85567,342,85
1,1.85874,342,85
1,1.86121,342,85
1,1.86433,344,85
1,1.86735,344,85
1,1.87052,344,86
1,1.87342,342,87
1,1.87635,342,88
1,1.87917,342,88
1,1.8823,342,89
1,1.88562,342,88
1,1.88892,341,87
1,1.89224,340,87
1,1.89529,339,88
1,1.89894,337,88
1,1.90181,337,89
1,1.90537,335,89
1,1.90884,335,90
1,1.91266,333,90
1,1.91612,331,90
1,1.91993,329,90
1,1.92319,328,90
1,1.92677,326,90
1,1.92993,325,90
1,1.93344,321,90
1,1.93681,318,90
1,1.94029,313,90
1,1.94352,308,90
1,1.94725,304,90
1,1.9507,304,90
1,1.95428,299,90
1,1.95761,299,90
1,1.96126,297,90
1,1.96456,297,90
1,1.96813,295,90
1,1.97116,294,90
1,1.97444,295,90
1,1.97663,297,89
1,1.97932,298,89
1,1.98189,306,90
1,1.98534,310,90
1,1.98913,311,90
1,1.99304,311,90
1,1.99654,304,90
1,2.00045,299,90
1,2.00432,298,90
1,2.00865,292,90
1,2.01238,290,90
1,2.01627,286,89
1,2.01992,286,89
1,2.02349,285,89
1,2.02718,285,89
1,2.03122,284,89
1,2.03487,284,89
1,2.03863,280,89
1,2.04175,279,89
1,2.04505,280,89
1,2.04862,283,89
1,2.0523,283,89
1,2.05646,283,89
1,2.06012,281,89
1,2.06396,275,89
1,2.06778,275,89
1,2.07148,273,89
1,2.07499,272,89
1,2.07867,272,89
1,2.08207,273,89
1,2.08539,273,89
1,2.08851,274,89
1,2.09218,276,89
1,2.0956,277,89
1,2.0994,278,89
1,2.10274,277,89
1,2.10633,278,90
1,2.10971,277,90
1,2.11327,278,90
1,2.11675,277,89
1,2.12064,277,89
1,2.12398,277,89
1,2.12799,276,89
1,2.13125,275,89
1,2.13475,275,89
1,2.13784,275,90
1,2.14148,276,90
1,2.1451,277,90
1,2.14906,277,89
1,2.15237,276,89
1,2.15566,276,89
1,2.15858,276,89
1,2.16202,276,89
1,2.16527,278,89
1,2.16879,278,89
1,2.17204,278,88
1,2.17552,278,88
1,2.17943,278,89
1,2.18322,279,89
1,2.18743,278,89
1,2.19119,278,89
1,2.19483,277,89
1,2.19793,277,89
1,2.20115,277,89
1,2.20459,277,89
1,2.20818,278,89
1,2.2118,278,89
1,2.21584,278,89
1,2.21964,278,89
1,2.22364,277,89
1,2.22743,276,89
1,2.23183,275,89
1,2.23548,275,89
1,2.23873,274,89
1,2.24193,274,89
1,2.24643,274,88
1,2.25005,274,88
1,2.25387,273,88
1,2.25762,273,88
1,2.26086,273,88
1,2.26487,273,89
1,2.26863,273,89
1,2.27199,272,89
1,2.27514,272,89
1,2.27847,272,89
1,2.28192,273,89
1,2.28528,273,89
1,2.28884,273,89
1,2.29245,273,89
1,2.29566,273,89
1,2.29881,273,89
1,2.30191,273,90
1,2.3052,274,90
1,2.30821,275,90
1,2.31149,275,90
1,2.31475,275,90
1,2.31805,275,90
1,2.32029,276,89
1,2.323,276,89
1,2.32558,278,89
1,2.33003,279,89
1,2.33704,279,89
1,2.34381,278,88
1,2.34678,278,89
1,2.35051,278,89
1,2.35346,275,89
1,2.35662,290,89
1,2.35922,290,89
1,2.36261,292,89
1,2.36562,301,89
1,2.36887,305,89
1,2.37237,302,89
1,2.37564,302,89
1,2.37883,298,89
1,2.38232,298,89
1,2.38544,298,89
1,2.38884,298,89
1,2.39187,297,89
1,2.39572,298,89
1,2.39951,297,89
1,2.40349,295,89
1,2.4069,293,89
1,2.41014,290,89
1,2.41305,290,89
1,2.41632,291,89
1,2.41983,293,88
1,2.42304,292,89
1,2.42703,293,89
1,2.42997,292,89
1,2.43404,294,89
1,2.43692,287,88
1,2.4405,291,88
1,2.44413,290,88
1,2.44804,290,88
1,2.45155,289,88
1,2.45502,287,88
1,2.45838,287,88
1,2.46176,287,88
1,2.46509,287,89
1,2.4684,287,89
1,2.47206,287,89
1,2.47532,287,88
1,2.47871,287,88
1,2.48167,287,87
1,2.4849,288,87
1,2.48804,289,88
1,2.49154,290,89
1,2.49436,290,89
1,2.49856,290,89
1,2.50253,290,90
1,2.50639,290,90
1,2.50944,289,90
1,2.51261,288,90
1,2.51588,288,90
1,2.51963,289,90
1,2.52303,289,90
1,2.52673,289,90
1,2.53011,288,90
1,2.53381,288,90
1,2.53761,288,90
1,2.54146,287,90
1,2.54494,287,90
1,2.54891,286,90
1,2.55253,286,90
1,2.5563,285,90
1,2.55965,284,90
1,2.56342,284,90
1,2.56659,284,90
1,2.57028,284,90
1,2.57329,284,90
1,2.57696,284,89
1,2.58,284,89
1,2.58378,284,90
1,2.58693,284,90
1,2.59054,284,90
1,2.59346,284,90
1,2.5969,284,90
1,2.59997,284,90
1,2.60346,284,91
1,2.60684,285,91
1,2.61076,285,92
1,2.6148,285,92
1,2.61852,285,92
1,2.62198,284,92
1,2.62525,284,92
1,2.6283,284,91
1,2.63125,284,91
1,2.63391,284,90
1,2.63629,285,89
1,2.63648,287,73
1,2.63785,288,81
1,2.63997,311,86
1,2.64326,338,87
1,2.64603,338,88
1,2.64915,323,89
1,2.65231,317,89
1,2.65544,317,90
1,2.65894,315,90
1,2.66189,313,90
1,2.66335,315,88
1,2.66456,321,89
1,2.66747,349,90
1,2.671,354,91
1,2.6749,354,91
1,2.67888,342,91
1,2.6828,331,91
1,2.68648,321,91
1,2.6908,315,92
1,2.69455,312,91
1,2.69821,306,90
1,2.7019,305,89
1,2.70537,304,89
1,2.70868,302,89
1,2.71267,302,89
1,2.7166,302,89
1,2.72037,301,89
1,2.72402,299,89
1,2.72768,297,89
1,2.73158,296,89
1,2.73508,294,89
1,2.73877,291,90
1,2.74233,290,90
1,2.74581,290,89
1,2.74953,290,89
1,2.75317,290,89
1,2.75682,289,90
1,2.76006,287,90
1,2.7636,287,90
1,2.76741,288,90
1,2.77137,288,89
1,2.77462,284,89
1,2.77794,284,89
1,2.78174,284,89
1,2.78543,284,89
1,2.789,282,89
1,2.79258,281,89
1,2.79602,281,89
1,2.79967,281,90
1,2.80308,281,90
1,2.80691,281,89
1,2.81013,280,89
1,2.81384,281,89
1,2.81671,281,88
1,2.81992,281,88
1,2.82295,283,87
1,2.82532,284,86
1,2.82843,287,84
1,2.83137,290,84
1,2.83455,293,83
1,2.83799,295,83
1,2.84069,296,83
1,2.84427,297,83
1,2.84735,299,83
1,2.85047,299,83
1,2.85414,300,83
1,2.85735,301,83
1,2.86034,301,83
1,2.86328,302,83
1,2.86602,303,83
1,2.86927,305,83
1,2.87216,305,83
1,2.87498,306,83
1,2.87812,306,83
1,2.88095,308,83
1,2.88384,308,83
1,2.88654,309,84
1,2.88926,310,85
1,2.89222,311,85
1,2.89477,312,85
1,2.89795,313,85
1,2.90099,314,84
1,2.90415,314,84
1,2.90698,314,84
1,2.90965,314,83
1,2.91271,315,83
1,2.91566,316,83
1,2.91811,317,83
1,2.9212,317,82
1,2.92409,319,82
1,2.92691,319,82
1,2.93003,320,82
1,2.9329,321,82
1,2.93568,321,82
1,2.93849,321,82
1,2.94119,322,82
1,2.94381,323,82
1,2.94637,324,82
1,2.94927,325,82
1,2.95182,326,82
1,2.95448,326,82
1,2.9567,327,82
1,2.95952,328,82
1,2.96189,330,82
1,2.96439,331,82
1,2.96737,332,82
1,2.96992,335,82
1,2.97239,337,82
1,2.97544,342,82
1,2.97862,346,82
1,2.98197,346,82
1,2.98501,342,82
1,2.98828,339,82
1,2.9917,338,82
1,2.99437,334,82
1,2.99769,334,82
1,3.00105,332,83
1,3.00371,332,83
1,3.00681,332,83
1,3.01,334,82
1,3.01289,337,82
1,3.01624,338,82
1,3.01886,340,82
1,3.02207,342,82
1,3.02484,340,82
1,3.02727,340,82
1,3.0303,340,82
1,3.03315,344,82
1,3.03668,344,82
1,3.04015,344,82
1,3.0425,338,82
1,3.04576,338,82
1,3.04829,337,82
1,3.05086,339,82
1,3.05355,339,82
1,3.05589,341,82
1,3.05858,341,82
1,3.0613,344,82
1,3.06369,345,82
1,3.06633,346,82
1,3.06878,347,82
1,3.07105,348,82
1,3.07437,349,82
1,3.07685,350,82
1,3.07958,351,82
1,3.08239,351,82
1,3.08514,351,82
1,3.08845,352,82
1,3.09165,352,82
1,3.09455,352,82
1,3.09779,351,82
1,3.10073,351,82
1,3.10366,351,82
1,3.10664,351,82
1,3.10874,351,82
1,3.11149,351,82
1,3.11457,352,82
1,3.11745,352,82
1,3.12053,352,82
1,3.1236,352,82
1,3.12681,351,82
1,3.13012,351,82
1,3.13274,351,82
1,3.13573,351,82
1,3.13916,350,82
1,3.14196,350,83
1,3.14488,350,83
1,3.14792,350,82
1,3.15055,349,82
1,3.15318,349,82
1,3.15583,350,82
1,3.15843,350,82
1,3.16114,350,82
1,3.16366,351,82
1,3.16689,351,82
1,3.16933,351,82
1,3.17201,352,82
1,3.17509,352,82
1,3.17722,352,82
1,3.18024,352,82
1,3.18321,354,82
1,3.18599,354,82
1,3.1886,354,82
1,3.19123,354,82
1,3.194,355,82
1,3.19668,355,82
1,3.19966,356,82
1,3.20234,356,82
1,3.20555,356,82
1,3.20828,356,82
1,3.2114,356,82
1,3.21451,356,82
1,3.21725,356,82
1,3.22,356,82
1,3.22236,356,82
1,3.22479,356,82
1,3.2283,357,82
1,3.23087,357,82
1,3.23408,357,82
1,3.23731,356,82
1,3.23982,356,82
1,3.24296,356,82
1,3.24671,356,82
1,3.2499,356,82
1,3.25315,354,83
1,3.25566,354,83
1,3.25892,354,82
1,3.26168,352,82
1,3.26378,352,82
1,3.2669,352,82
1,3.26983,352,82
1,3.27214,352,82
1,3.27526,352,82
1,3.27797,354,82
1,3.28091,354,82
1,3.28398,354,82
1,3.28692,354,82
1,3.28983,354,82
1,3.29246,354,82
1,3.29522,354,82
1,3.29791,354,82
1,3.30041,354,82
1,3.30286,354,82
1,3.30592,355,82
1,3.309,355,82
1,3.31205,355,82
1,3.31472,355,82
1,3.31728,355,82
1,3.32032,355,82
1,3.3229,355,82
1,3.32563,355,82
1,3.32855,355,82
1,3.33124,356,82
1,3.33433,356,82
1,3.33728,356,82
1,3.33959,356,82
1,3.34234,356,82
1,3.34454,356,82
1,3.34737,356,82
1,3.35076,357,82
1,3.35342,357,82
1,3.35692,357,82
1,3.36028,357,82
1,3.36319,356,82
1,3.36626,356,82
1,3.36969,355,82
1,3.37279,355,82
1,3.37574,354,83
1,3.37855,354,85
1,3.38138,354,86
1,3.38399,352,86
1,3.38739,352,86
1,3.39039,352,87
1,3.3943,352,87
1,3.39741,351,86
1,3.40093,348,86
1,3.40386,347,87
1,3.40691,345,87
1,3.41077,345,88
1,3.41445,344,89
1,3.4179,341,89
1,3.42143,339,88
1,3.42463,338,87
1,3.42755,335,86
1,3.43101,332,86
1,3.43449,331,86
1,3.43828,324,85
1,3.44198,321,85
1,3.44514,316,85
1,3.44923,313,85
1,3.45264,312,85
1,3.45619,304,85
1,3.45928,304,84
1,3.46228,304,84
1,3.46576,307,84
1,3.46926,307,84
1,3.47293,306,85
1,3.4765,303,86
1,3.47982,299,87
1,3.48315,298,88
1,3.48653,298,88
1,3.48968,298,88
1,3.4932,298,87
1,3.49681,297,87
1,3.50005,296,86
1,3.50367,294,86
1,3.50704,293,88
1,3.51105,293,89
1,3.51487,292,89
1,3.51815,287,89
1,3.52115,287,88
1,3.52434,287,87
1,3.52837,290,86
1,3.53166,290,85
1,3.53568,290,85
1,3.53898,289,85
1,3.54221,288,84
1,3.54575,288,84
1,3.54897,290,84
1,3.55247,290,84
1,3.55588,292,84
1,3.55906,293,84
1,3.56228,293,84
1,3.56545,294,84
1,3.56885,294,84
1,3.5721,294,84
1,3.57546,294,84
1,3.5788,294,84
1,3.58209,295,84
1,3.58595,294,84
1,3.58937,294,84
1,3.5928,294,84
1,3.5963,294,84
1,3.59994,294,84
1,3.60351,293,84
1,3.60706,293,84
1,3.61009,292,84
1,3.6133,292,84
1,3.6164,292,84
1,3.6193,292,84
1,3.62249,293,84
1,3.62573,294,84
1,3.62905,294,84
1,3.63251,294,84
1,3.63578,294,84
1,3.63865,294,84
1,3.64183,294,84
1,3.6451,294,84
1,3.64856,295,84
1,3.65191,295,84
1,3.65518,295,84
1,3.65809,295,84
1,3.66128,295,84
1,3.6642,296,84
1,3.66751,296,84
1,3.67037,297,84
1,3.67335,297,84
1,3.67667,298,84
1,3.67993,298,84
1,3.68344,299,84
1,3.68704,299,84
1,3.69032,299,84
1,3.69396,299,84
1,3.69729,299,84
1,3.70059,298,84
1,3.70398,298,84
1,3.70683,298,84
1,3.71017,298,83
1,3.71319,299,84
1,3.7169,299,84
1,3.72019,299,84
1,3.72323,299,84
1,3.72664,299,84
1,3.72943,299,84
1,3.73224,299,84
1,3.73504,300,84
1,3.73791,300,84
1,3.74169,301,84
1,3.74527,302,84
1,3.74915,302,84
1,3.75258,301,84
1,3.75603,301,84
1,3.75917,301,83
1,3.76255,301,83
1,3.76566,301,84
1,3.76893,301,84
1,3.77169,301,84
1,3.77463,301,84
1,3.77768,302,84
1,3.78129,302,84
1,3.78487,303,84
1,3.78794,303,84
1,3.79131,303,84
1,3.79481,303,84
1,3.79809,303,84
1,3.80154,303,84
1,3.80421,303,84
1,3.80752,303,84
1,3.81016,303,84
1,3.81332,303,84
1,3.81668,304,84
1,3.81961,304,84
1,3.82289,305,84
1,3.82627,305,84
1,3.82966,305,84
1,3.83259,305,84
1,3.8357,305,84
1,3.83899,305,84
1,3.84202,305,84
1,3.84575,305,84
1,3.84916,305,84
1,3.85246,305,84
1,3.85613,305,84
1,3.85921,305,84
1,3.86291,305,84
1,3.86616,305,84
1,3.86925,305,84
1,3.87277,305,84
1,3.87592,305,84
1,3.87948,305,84
1,3.88265,305,84
1,3.88563,305,84
1,3.88927,305,84
1,3.89233,305,84
1,3.89545,305,84
1,3.89864,305,84
1,3.90165,305,84
1,3.90525,305,84
1,3.90841,305,84
1,3.91141,305,84
1,3.91465,305,84
1,3.91767,306,84
1,3.921,306,84
1,3.92398,306,84
1,3.9274,306,84
1,3.93061,307,84
1,3.93371,307,84
1,3.93722,307,85
1,3.94051,307,85
1,3.94416,307,86
1,3.94724,307,86
1,3.95091,307,86
1,3.95408,307,86
1,3.95725,306,86
1,3.96025,306,86
1,3.96358,306,86
1,3.9666,307,86
1,3.96978,307,87
1,3.97324,307,88
1,3.97701,307,89
1,3.98094,307,89
1,3.9852,306,90
1,3.98887,305,90
1,3.99244,302,90
1,3.99593,301,90
1,4.00001,300,90
1,4.00357,300,90
1,4.00731,299,90
1,4.01118,298,90
1,4.01498,298,90
1,4.01862,297,90
1,4.02283,296,90
1,4.02708,295,90
1,4.03099,294,90
1,4.03488,292,90
1,4.03865,290,90
1,4.0422,287,90
1,4.04589,284,90
1,4.0494,284,90
1,4.05327,281,90
1,4.05703,281,90
1,4.0608,278,90
1,4.06422,278,90
1,4.06767,278,90
1,4.07075,278,90
1,4.0746,279,90
1,4.07825,279,90
1,4.08223,279,90
1,4.08573,278,90
1,4.08962,275,90
1,4.09308,275,90
1,4.09686,275,90
1,4.10033,273,90
1,4.10376,274,90
1,4.10735,274,90
1,4.11102,275,90
1,4.11449,275,90
1,4.11864,275,90
1,4.12218,275,90
1,4.12601,273,90
1,4.1296,272,90
1,4.13344,272,90
1,4.13718,272,90
1,4.14095,271,90
1,4.14399,271,90
1,4.1475,271,90
1,4.15112,272,90
1,4.15505,273,90
1,4.15879,273,90
1,4.1622,272,90
1,4.1655,272,90
1,4.16918,272,90
1,4.17302,273,90
1,4.17675,273,90
1,4.18049,272,90
1,4.18425,272,90
1,4.18761,272,90
1,4.19179,272,90
1,4.19533,272,90
1,4.19904,271,90
1,4.20279,271,90
1,4.20688,271,90
1,4.21037,271,90
1,4.21449,271,89
1,4.21809,271,89
1,4.22176,270,89
1,4.22506,270,90
1,4.22885,270,90
1,4.23244,270,90
1,4.23633,271,90
1,4.23939,270,90
1,4.24303,271,90
1,4.24661,271,90
1,4.25066,271,90
1,4.25426,271,90
1,4.25815,271,90
1,4.2619,271,90
1,4.26594,271,90
1,4.26919,271,90
1,4.2732,271,90
1,4.27658,270,90
1,4.28018,270,90
1,4.28376,270,90
1,4.28785,270,90
1,4.29176,270,90
1,4.29553,270,90
1,4.2986,270,90
1,4.30236,270,90
1,4.30588,270,90
1,4.30969,270,90
1,4.31324,270,90
1,4.31701,270,90
1,4.3208,270,90
1,4.32451,270,90
1,4.32824,270,90
1,4.3323,270,90
1,4.33563,270,90
1,4.33892,270,90
1,4.34232,270,90
1,4.34638,270,90
1,4.35019,270,90
1,4.354,270,90
1,4.35647,270,90
1,4.36063,270,90
1,4.36424,270,90
1,4.36824,270,90
1,4.37171,271,90
1,4.37565,270,90
1,4.37938,270,90
1,4.38322,270,90
1,4.38658,270,90
1,4.38992,270,90
1,4.39365,270,90
1,4.39755,270,90
1,4.40119,270,90
1,4.40513,270,90
1,4.40898,270,90
1,4.41263,270,90
1,4.41605,270,90
1,4.41981,270,90
1,4.42356,270,90
1,4.42718,270,90
1,4.43052,270,90
1,4.43414,270,90
1,4.43707,270,90
1,4.44078,270,90
1,4.44428,271,90
1,4.44765,271,90
1,4.45118,271,90
1,4.45497,271,90
1,4.45824,271,90
1,4.46207,271,90
1,4.46622,272,90
1,4.47015,272,90
1,4.47379,271,90
1,4.47767,271,90
1,4.48104,271,90
1,4.48505,271,90
1,4.48881,271,90
1,4.49301,271,90
1,4.49649,271,90
1,4.50025,271,90
1,4.50307,271,90
1,4.50705,271,90
1,4.51081,271,90
1,4.51474,271,90
1,4.51783,271,90
1,4.52177,271,90
1,4.52548,271,90
1,4.52894,271,89
1,4.53116,271,89
1,4.53407,271,90
1,4.53754,273,90
1,4.5412,274,90
1,4.54487,274,90
1,4.54924,274,90
1,4.55266,274,90
1,4.55672,274,90
1,4.56031,274,91
1,4.56355,273,91
1,4.56684,274,90
1,4.57073,274,90
1,4.57423,274,90
1,4.57854,274,90
1,4.58232,274,90
1,4.58611,273,90
1,4.58909,273,90
1,4.59276,273,90
1,4.59617,274,90
1,4.59981,274,90
1,4.6028,274,90
1,4.60662,274,90
1,4.60964,275,90
1,4.61364,275,90
1,4.61674,275,90
1,4.62034,275,90
1,4.62351,275,90
1,4.62684,275,90
1,4.63009,276,90
1,4.63418,277,90
1,4.63774,277,90
1,4.64146,277,90
1,4.64503,277,90
1,4.64884,277,90
1,4.65193,277,90
1,4.65565,277,90
1,4.65934,278,90
1,4.6629,278,90
1,4.6668,278,89
1,4.66986,278,89
1,4.67339,278,89
1,4.677,278,90
1,4.68017,278,90
1,4.68341,278,89
1,4.68664,278,89
1,4.68978,279,89
1,4.69298,280,89
1,4.69594,281,88
1,4.69902,281,87
1,4.70194,282,86
1,4.70538,283,86
1,4.70885,285,85
1,4.71203,286,85
1,4.71533,287,85
1,4.7183,287,85
1,4.7216,288,85
1,4.72487,289,85
1,4.72828,290,85
1,4.73204,290,85
1,4.73554,290,84
1,4.73908,290,84
1,4.7421,290,84
1,4.74488,290,84
1,4.74788,291,84
1,4.75113,293,84
1,4.75492,294,84
1,4.75797,294,84
1,4.76123,294,84
1,4.76442,294,84
1,4.7673,295,84
1,4.77057,296,84
1,4.77358,297,84
1,4.77667,298,85
1,4.77981,299,84
1,4.78309,299,84
1,4.78635,299,84
1,4.78918,300,84
1,4.79226,300,84
1,4.79548,302,84
1,4.79796,303,84
1,4.80111,303,84
1,4.80401,305,84
1,4.80728,305,84
1,4.81038,306,85
1,4.81322,306,85
1,4.81612,307,84
1,4.81839,308,84
1,4.82185,309,84
1,4.82494,312,84
1,4.8281,312,84
1,4.83135,312,84
1,4.83385,313,84
1,4.83602,313,84
1,4.8394,314,84
1,4.84257,317,84
1,4.84593,317,84
1,4.84868,317,84
1,4.85214,318,84
1,4.85555,318,84
1,4.85864,318,84
1,4.86152,318,84
1,4.86412,319,84
1,4.86687,319,84
1,4.86964,320,84
1,4.87268,321,84
1,4.87576,322,84
1,4.87871,323,84
1,4.88198,323,84
1,4.8848,324,84
1,4.88791,324,84
1,4.89117,325,84
1,4.89371,325,85
1,4.89688,325,85
1,4.89961,326,84
1,4.90292,327,84
1,4.90598,327,84
1,4.90925,327,84
1,4.91256,328,84
1,4.91507,328,84
1,4.91853,328,84
1,4.92155,328,84
1,4.92436,329,84
1,4.92742,329,84
1,4.93033,329,84
1,4.93379,330,84
1,4.93683,330,84
1,4.93948,330,84
1,4.9423,330,84
1,4.94525,331,84
1,4.94844,332,84
1,4.95141,332,84
1,4.95459,332,85
1,4.95789,332,84
1,4.96077,332,84
1,4.96368,332,84
1,4.96639,333,84
1,4.96959,333,85
1,4.97269,334,85
1,4.97558,334,84
1,4.97911,334,84
1,4.98235,334,84
1,4.98579,334,84
1,4.9888,334,84
1,4.99192,334,84
1,4.99516,333,84
1,4.99802,333,84
1,5.00105,333,85
1,5.0037,334,85
1,5.00677,334,84
1,5.00993,334,84
1,5.01251,334,84
1,5.01554,334,84
1,5.0183,335,85
1,5.02101,335,84
1,5.02402,336,84
1,5.02678,336,84
1,5.0301,337,84
1,5.03315,337,84
1,5.03613,337,84
1,5.03906,337,84
1,5.042,337,84
1,5.04582,338,85
1,5.0487,338,85
1,5.05195,337,84
1,5.05497,337,84
1,5.05785,337,84
1,5.0609,337,84
1,5.06345,338,85
1,5.0665,338,85
1,5.06954,338,84
1,5.07243,339,84
1,5.07554,339,84
1,5.07817,339,84
1,5.08125,339,84
1,5.08415,340,84
1,5.08734,340,84
1,5.09074,340,84
1,5.09356,340,85
1,5.09707,340,84
1,5.10025,339,84
1,5.10321,339,84
1,5.10658,339,84
1,5.10933,339,84
1,5.11235,339,84
1,5.11498,339,84
1,5.1185,339,84
1,5.12162,339,84
1,5.12464,339,84
1,5.12794,339,84
1,5.13086,339,84
1,5.1343,339,85
1,5.13738,339,85
1,5.14003,338,85
1,5.14328,338,85
1,5.14638,338,85
1,5.14949,339,85
1,5.15228,338,85
1,5.15563,338,85
1,5.15893,338,85
1,5.16175,338,85
1,5.16516,338,86
1,5.16772,338,86
1,5.17057,338,87
1,5.17305,338,87
1,5.17631,338,87
1,5.1794,339,87
1,5.1829,339,87
1,5.18589,339,87
1,5.18903,338,86
1,5.19212,338,86
1,5.1951,338,86
1,5.19808,338,86
1,5.20117,338,86
1,5.20412,338,86
1,5.20693,338,85
1,5.20984,337,85
1,5.21358,338,85
1,5.21646,338,85
1,5.21972,337,85
1,5.2228,337,85
1,5.22599,337,85
1,5.22905,337,84
1,5.23155,337,84
1,5.23456,337,85
1,5.23777,337,85
1,5.24088,337,85
1,5.24384,337,85
1,5.24634,337,85
1,5.24944,337,85
1,5.25237,338,85
1,5.25506,338,85
1,5.25815,338,85
1,5.2612,338,85
1,5.26449,338,84
1,5.26746,338,84
1,5.27071,338,84
1,5.27412,338,84
1,5.27754,338,84
1,5.28104,338,85
1,5.28426,337,85
1,5.28722,337,85
1,5.29028,336,85
1,5.29291,336,85
1,5.29613,336,85
1,5.29872,336,85
1,5.30182,336,85
1,5.3048,336,85
1,5.30858,336,85
1,5.31152,336,85
1,5.31499,336,86
1,5.31866,336,86
1,5.3214,335,85
1,5.32446,335,85
1,5.32721,335,85
1,5.33033,334,85
1,5.33356,335,84
1,5.33692,334,84
1,5.34,334,85
1,5.34287,334,85
1,5.34594,334,85
1,5.34929,334,85
1,5.35223,334,85
1,5.35554,333,86
1,5.35816,333,86
1,5.36121,333,86
1,5.36428,333,86
1,5.36722,333,86
1,5.37026,333,87
1,5.37339,333,87
1,5.37657,333,87
1,5.37958,333,87
1,5.383,333,86
1,5.38594,333,86
1,5.38942,332,87
1,5.39249,332,88
1,5.39603,332,89
1,5.39958,331,89
1,5.40332,330,90
1,5.4066,329,90
1,5.41005,327,90
1,5.4135,327,90
1,5.41706,326,90
1,5.4204,325,90
1,5.42381,324,91
1,5.42676,323,91
1,5.43008,322,91
1,5.43322,322,91
1,5.43676,321,91
1,5.44046,321,91
1,5.44432,320,91
1,5.44814,319,91
1,5.4514,318,91
1,5.45478,317,91
1,5.4582,316,90
1,5.46193,316,91
1,5.46551,315,91
1,5.46948,314,91
1,5.47278,313,91
1,5.47627,312,91
1,5.47986,312,91
1,5.48325,311,90
1,5.48672,310,90
1,5.49039,310,90
1,5.49405,309,90
1,5.4977,308,91
1,5.5009,307,91
1,5.50481,306,91
1,5.50812,306,91
1,5.51174,305,91
1,5.51529,305,91
1,5.51918,304,91
1,5.52275,304,90
1,5.52708,303,91
1,5.53034,302,91
1,5.53358,300,90
1,5.53661,300,90
1,5.54022,299,90
1,5.5433,299,91
1,5.54653,299,91
1,5.54983,299,91
1,5.55373,299,91
1,5.55733,299,91
1,5.5613,298,90
1,5.56469,298,90
1,5.56833,297,91
1,5.57166,296,91
1,5.57514,296,90
1,5.57816,295,90
1,5.58174,295,90
1,5.58542,295,90
1,5.58967,295,90
1,5.59291,294,90
1,5.5968,294,90
1,5.60009,293,90
1,5.60386,293,90
1,5.60708,293,91
1,5.61046,292,91
1,5.61415,292,91
1,5.61761,292,91
1,5.62099,291,91
1,5.62401,291,91
1,5.62734,291,91
1,5.63079,291,91
1,5.63415,291,90
1,5.63769,291,91
1,5.64136,290,91
1,5.64472,290,91
1,5.64829,290,91
1,5.65195,290,91
1,5.65574,290,91
1,5.65903,290,90
1,5.66231,289,90
1,5.66571,289,90
1,5.66963,289,91
1,5.67313,289,91
1,5.67687,288,91
1,5.68075,288,91
1,5.68442,287,91
1,5.68804,287,90
1,5.69138,287,90
1,5.69468,287,90
1,5.69895,287,90
1,5.70237,287,90
1,5.70607,285,91
1,5.70944,285,91
1,5.71319,285,90
1,5.71672,285,91
1,5.72006,284,91
1,5.72331,284,91
1,5.72702,284,91
1,5.73051,284,91
1,5.73408,284,91
1,5.73741,284,91
1,5.7412,284,90
1,5.74443,284,90
1,5.74809,284,91
1,5.75135,284,91
1,5.75489,284,90
1,5.75834,284,90
1,5.76184,284,90
1,5.76506,284,90
1,5.76892,284,91
1,5.77191,284,91
1,5.77587,284,91
1,5.77927,283,91
1,5.78299,283,91
1,5.78602,283,91
1,5.78951,283,91
1,5.79292,283,91
1,5.79657,283,91
1,5.79966,283,91
1,5.80319,283,91
1,5.80715,283,91
1,5.81106,283,91
1,5.81497,283,91
1,5.81841,282,91
1,5.82169,281,91
1,5.8251,281,91
1,5.8287,282,91
1,5.83236,282,91
1,5.83595,281,91
1,5.8394,281,91
1,5.84272,281,91
1,5.8462,281,91
1,5.84984,281,91
1,5.85332,281,91
1,5.8566,281,91
1,5.85974,281,91
1,5.86305,281,91
1,5.86648,281,90
1,5.8702,282,90
1,5.87368,282,91
1,5.87727,282,91
1,5.88089,282,91
1,5.88437,282,91
1,5.88773,282,91
1,5.89144,282,91
1,5.89472,282,91
1,5.89847,282,91
1,5.90171,281,90
1,5.90601,282,90
1,5.90982,281,90
1,5.91371,281,91
1,5.91677,281,91
1,5.9203,281,91
1,5.92347,281,91
1,5.92755,281,91
1,5.93075,281,91
1,5.9347,281,91
1,5.93819,281,91
1,5.94231,280,91
1,5.94586,280,91
1,5.94908,280,91
1,5.9523,280,90
1,5.95562,280,90
1,5.95892,280,91
1,5.96261,280,91
1,5.96609,280,91
1,5.97024,280,91
1,5.9738,280,91
1,5.97721,280,91
1,5.98067,280,91
1,5.98419,280,91
1,5.98794,280,91
1,5.9914,280,91
1,5.99466,279,91
1,5.998,279,91
1,6.00133,280,90
1,6.00497,280,90
1,6.00833,280,91
1,6.01188,280,91
1,6.01538,281,91
1,6.01887,281,90
1,6.02222,281,90
1,6.02591,281,90
1,6.02905,281,90
1,6.03236,281,90
1,6.03606,281,91
1,6.03985,281,91
1,6.04358,281,91
1,6.04721,281,91
1,6.05072,281,91
1,6.05415,281,91
1,6.05796,281,91
1,6.06133,281,91
1,6.0653,281,91
1,6.06875,281,90
1,6.07281,280,90
1,6.07635,280,90
1,6.07983,280,90
1,6.08317,280,91
1,6.08674,280,91
1,6.09041,280,91
1,6.09425,280,91
1,6.09723,279,91
1,6.10087,279,91
1,6.10429,279,91
1,6.10753,279,91
1,6.11084,279,91
1,6.11459,280,91
1,6.11782,280,91
1,6.12185,280,91
1,6.12558,280,91
1,6.12941,280,91
1,6.13265,280,91
1,6.13629,280,90
1,6.13987,279,90
1,6.14387,279,90
1,6.14708,279,90
1,6.15052,279,90
1,6.15385,279,91
1,6.1577,279,91
1,6.16147,279,91
1,6.16485,279,91
1,6.16815,279,91
1,6.17194,279,91
1,6.17555,279,91
1,6.17921,279,90
1,6.18279,279,90
1,6.18647,279,90
1,6.18976,279,90
1,6.19325,279,90
1,6.19642,279,90
1,6.19989,279,90
1,6.20311,280,91
1,6.20666,280,92
1,6.20978,280,91
1,6.21301,281,90
1,6.21625,281,89
1,6.21921,281,89
1,6.2222,282,89
1,6.22534,283,89
1,6.228,284,89
1,6.23109,285,89
1,6.23408,287,88
1,6.23673,287,87
1,6.23988,288,87
1,6.24263,292,87
1,6.24582,294,87
1,6.24884,300,86
1,6.25226,303,86
1,6.25533,304,85
1,6.25834,305,86
1,6.26159,306,86
1,6.26444,307,86
1,6.26785,308,86
1,6.27049,310,86
1,6.27298,312,85
1,6.27563,317,85
1,6.27824,323,85
1,6.28172,326,85
1,6.284,326,85
1,6.28733,330,85
1,6.29063,327,84
1,6.29391,327,84
1,6.29773,323,85
1,6.30098,321,86
1,6.30425,314,86
1,6.3068,314,86
1,6.30956,314,86
1,6.31238,321,86
1,6.31492,325,85
1,6.31783,327,85
1,6.32003,330,85
1,6.32314,331,85
1,6.32612,334,85
1,6.32918,334,85
1,6.3322,334,85
1,6.33528,334,86
1,6.339,334,86
1,6.34216,334,86
1,6.34582,331,86
1,6.34876,331,86
1,6.35162,329,86
1,6.35483,329,86
1,6.3581,330,86
1,6.36117,330,87
1,6.36416,330,87
1,6.36718,329,87
1,6.3697,329,86
1,6.37298,329,86
1,6.37621,330,85
1,6.37713,330,85
1,6.37906,330,85
1,6.38128,333,85
1,6.38441,335,85
1,6.38722,337,85
1,6.39012,337,85
1,6.3934,338,85
1,6.39649,338,85
1,6.40018,338,85
1,6.40305,338,85
1,6.40555,337,85
1,6.40815,337,84
1,6.40815,338,84
1,6.40971,339,84
1,6.41218,340,85
1,6.4153,342,86
1,6.41864,345,86
1,6.42162,345,86
1,6.42471,339,86
1,6.4282,339,86
1,6.43175,339,86
1,6.43473,335,86
1,6.43817,335,86
1,6.44061,332,86
1,6.44363,335,86
1,6.44649,338,85
1,6.44967,338,85
1,6.45283,339,85
1,6.45542,339,86
1,6.4581,339,85
1,6.46063,345,85
1,6.46371,349,85
1,6.46689,351,84
1,6.46986,351,84
1,6.47261,347,85
1,6.47514,347,85
1,6.47844,350,85
1,6.4814,350,85
1,6.48435,349,85
1,6.4873,348,87
1,6.48984,348,87
1,6.49193,351,87
1,6.49433,357,86
1,6.4965,365,86
1,6.49895,366,86
1,6.50163,368,86
1,6.50414,370,86
1,6.50665,371,86
1,6.50934,372,85
1,6.51218,372,85
1,6.51529,373,85
1,6.51838,372,85
1,6.52133,370,85
1,6.5248,368,85
1,6.52766,367,85
1,6.5307,365,85
1,6.53373,363,84
1,6.53681,362,84
1,6.53977,361,85
1,6.5428,360,85
1,6.54572,360,86
1,6.54851,358,86
1,6.5517,358,86
1,6.55443,358,86
1,6.55726,357,86
1,6.56012,357,86
1,6.56256,357,85
1,6.56551,357,85
1,6.56823,357,85
1,6.57137,357,85
1,6.57405,357,85
1,6.57696,357,85
1,6.57982,357,85
1,6.5824,357,85
1,6.58503,357,85
1,6.58684,357,85
1,6.58957,358,85
1,6.59235,361,84
1,6.59563,361,84
1,6.59803,361,84
1,6.60047,361,85
1,6.60393,361,85
1,6.60677,361,85
1,6.60961,361,85
1,6.61241,361,85
1,6.61568,361,85
1,6.61907,361,85
1,6.62187,360,85
1,6.62496,358,85
1,6.62726,358,85
1,6.63002,358,85
1,6.63328,360,86
1,6.63648,360,85
1,6.63956,358,85
1,6.6422,357,84
1,6.64482,357,84
1,6.64827,357,84
1,6.65069,357,84
1,6.65368,357,84
1,6.65671,357,84
1,6.65943,357,84
1,6.6624,357,84
1,6.66527,356,84
1,6.66775,356,84
1,6.66963,356,84
1,6.67233,357,84
1,6.67567,358,84
1,6.67864,358,83
1,6.68145,358,83
1,6.68425,358,84
1,6.68637,358,84
1,6.68883,358,84
1,6.69128,360,84
1,6.69416,360,84
1,6.69693,361,84
1,6.69974,361,84
1,6.70264,361,84
1,6.70543,361,84
1,6.70791,361,85
1,6.71191,361,87
1,6.71559,361,87
1,6.71839,358,87
1,6.72159,356,87
1,6.72446,355,87
1,6.72649,354,86
1,6.72955,354,86
1,6.73201,355,85
1,6.73452,356,85
1,6.73689,356,85
1,6.73912,356,85
1,6.7414,357,85
1,6.74357,357,85
1,6.74567,358,84
1,6.74567,358,84
1,6.74875,360,85
1,6.75178,361,85
1,6.76225,361,85
1,6.76874,360,85
1,6.77513,347,85
1,6.77971,330,85
1,6.78417,271,85
1,6.7881,247,85
1,6.79149,247,84
1,6.79506,260,84
1,6.79816,281,84
1,6.80168,282,85
1,6.80482,295,84
1,6.80837,298,85
1,6.81195,297,85
1,6.81487,297,85
1,6.81729,298,84
1,6.82026,302,84
1,6.82369,313,84
1,6.82751,314,84
1,6.83155,314,84
1,6.83514,309,85
1,6.83819,303,85
1,6.84155,301,84
1,6.84457,301,84
1,6.84786,301,84
1,6.85102,302,84
1,6.85425,302,84
1,6.8572,303,84
1,6.85977,304,85
1,6.86261,309,86
1,6.8661,318,86
1,6.86964,318,87
1,6.8725,314,86
1,6.87587,313,86
1,6.87905,313,86
1,6.88223,313,85
1,6.88545,313,85
1,6.88769,314,85
1,6.89059,315,85
1,6.89404,320,85
1,6.89726,320,85
1,6.90022,320,85
1,6.90293,320,84
1,6.90624,321,84
1,6.9096,322,84
1,6.91232,323,84
1,6.91582,323,84
1,6.91894,323,84
1,6.92268,323,84
1,6.9258,323,84
1,6.92827,321,84
1,6.93152,321,84
1,6.93405,323,84
1,6.93741,323,84
1,6.94021,324,84
1,6.94303,325,84
1,6.94634,325,84
1,6.94938,326,85
1,6.95262,326,86
1,6.95605,326,87
1,6.95924,326,86
1,6.96201,325,86
1,6.96531,325,86
1,6.9684,325,86
1,6.97144,325,85
1,6.97489,325,85
1,6.97805,325,84
1,6.98188,324,84
1,6.98467,324,84
1,6.98737,323,84
1,6.99054,323,85
1,6.99399,324,85
1,6.99724,324,85
1,7.00005,323,85
1,7.00306,323,85
1,7.00638,324,84
1,7.00954,324,84
1,7.01314,324,84
1,7.0157,323,84
1,7.01869,323,84
1,7.02107,324,84
1,7.02428,324,84
1,7.02767,325,84
1,7.03133,325,84
1,7.03455,324,85
1,7.03781,324,85
1,7.04141,324,85
1,7.04469,324,85
1,7.04714,323,85
1,7.05079,323,85
1,7.05276,323,86
1,7.05556,324,87
1,7.05767,325,87
1,7.06054,325,87
1,7.06404,327,86
1,7.06643,327,86
1,7.07002,328,85
1,7.07332,328,85
1,7.07702,328,85
1,7.0801,328,85
1,7.08263,327,85
1,7.08627,327,85
1,7.08954,327,85
1,7.09379,327,85
1,7.09682,327,85
1,7.10055,324,84
1,7.10386,324,85
1,7.1064,323,85
1,7.11043,323,86
1,7.11383,322,86
1,7.11787,322,86
1,7.12101,321,86
1,7.12383,319,86
1,7.12696,319,86
1,7.12996,319,86
1,7.13334,319,85
1,7.13637,319,85
1,7.14019,319,85
1,7.14355,319,85
1,7.14666,318,84
1,7.14966,318,85
1,7.15285,318,85
1,7.15653,318,85
1,7.1598,318,85
1,7.16367,317,85
1,7.16722,317,84
1,7.17025,316,84
1,7.17358,315,84
1,7.17662,315,85
1,7.18025,315,86
1,7.18354,314,87
1,7.18724,314,88
1,7.19033,313,87
1,7.19389,312,87
1,7.19694,311,86
1,7.19997,310,86
1,7.20337,310,86
1,7.20636,310,86
1,7.20978,311,86
1,7.21262,310,86
1,7.21638,311,86
1,7.21966,310,86
1,7.22293,310,87
1,7.22612,310,87
1,7.2295,309,88
1,7.23338,309,88
1,7.23677,309,88
1,7.2402,307,88
1,7.24313,306,88
1,7.24703,306,87
1,7.25012,306,87
1,7.25356,305,86
1,7.25681,305,86
1,7.26019,305,86
1,7.2637,305,85
1,7.26694,305,84
1,7.27019,305,84
1,7.27339,305,84
1,7.27655,305,84
1,7.2805,305,84
1,7.2836,305,84
1,7.28698,305,84
1,7.28977,305,84
1,7.29316,305,84
1,7.29664,305,85
1,7.30007,305,86
1,7.3032,305,87
1,7.30672,305,87
1,7.31015,305,88
1,7.3134,304,88
1,7.31716,304,88
1,7.32035,304,87
1,7.32374,302,87
1,7.32725,302,86
1,7.33047,302,86
1,7.33365,302,86
1,7.33648,302,86
1,7.33987,302,86
1,7.34309,303,86
1,7.34679,303,88
1,7.35023,303,89
1,7.3538,303,91
1,7.35759,302,92
1,7.36122,301,92
1,7.36542,299,92
1,7.36874,297,92
1,7.37262,294,92
1,7.37615,293,92
1,7.37925,291,92
1,7.38285,291,93
1,7.38681,290,92
1,7.39021,290,92
1,7.39371,289,92
1,7.39775,289,92
1,7.40193,289,92
1,7.40521,287,92
1,7.40901,286,92
1,7.4124,286,92
1,7.416,285,92
1,7.4198,285,92
1,7.42294,284,92
1,7.42672,284,92
1,7.43043,284,92
1,7.43424,284,92
1,7.4374,284,92
1,7.4408,284,92
1,7.44396,284,92
1,7.44761,284,92
1,7.4512,284,92
1,7.45456,284,92
1,7.45817,284,92
1,7.46149,284,92
1,7.46572,284,92
1,7.46953,284,92
1,7.4734,283,92
1,7.47693,282,92
1,7.48062,282,92
1,7.48366,281,92
1,7.48745,281,92
1,7.49076,281,92
1,7.49484,281,92
1,7.49829,281,92
1,7.50224,281,92
1,7.50618,281,92
1,7.50985,281,92
1,7.51386,280,92
1,7.51727,280,92
1,7.52151,279,93
1,7.52519,279,93
1,7.52916,278,92
1,7.5325,278,92
1,7.53599,277,92
1,7.53903,277,92
1,7.54273,277,92
1,7.54653,278,93
1,7.55007,277,92
1,7.55386,277,92
1,7.55749,277,92
1,7.56163,276,92
1,7.56553,276,92
1,7.5694,275,92
1,7.57276,275,92
1,7.57696,275,92
1,7.58036,275,92
1,7.58428,274,92
1,7.58776,274,92
1,7.59141,274,92
1,7.59502,274,92
1,7.59904,273,92
1,7.60271,273,92
1,7.606,273,93
1,7.60988,273,93
1,7.61347,273,92
1,7.61723,273,92
1,7.62051,273,92
1,7.62403,273,92
1,7.62751,273,92
1,7.63143,273,92
1,7.63511,273,92
1,7.63901,273,92
1,7.64288,273,92
1,7.64687,272,92
1,7.6506,272,92
1,7.65403,271,92
1,7.65797,271,92
1,7.66157,271,92
1,7.66527,271,92
1,7.66848,271,92
1,7.67194,271,92
1,7.67528,271,92
1,7.67899,271,92
1,7.68257,271,92
1,7.6863,271,92
1,7.69008,271,92
1,7.694,271,92
1,7.69771,271,92
1,7.70105,271,92
1,7.70491,271,92
1,7.7082,271,92
1,7.7121,271,92
1,7.71567,271,92
1,7.7194,271,92
1,7.72275,271,92
1,7.72698,271,92
1,7.73055,271,92
1,7.73426,271,92
1,7.73781,271,92
1,7.74169,271,92
1,7.74555,271,92
1,7.74918,270,92
1,7.75324,270,92
1,7.75609,270,92
1,7.75982,270,92
1,7.76286,270,92
1,7.7666,270,92
1,7.7702,271,92
1,7.77383,271,92
1,7.7767,271,92
1,7.77993,271,92
1,7.78351,271,92
1,7.78698,272,92
1,7.79013,272,92
1,7.79299,273,92
1,7.79624,273,92
1,7.79899,274,92
1,7.80283,275,92
1,7.80664,275,92
1,7.81093,275,92
1,7.81508,275,93
1,7.81895,275,92
1,7.82271,274,92
1,7.82667,274,92
1,7.83025,274,92
1,7.83385,273,92
1,7.83769,273,92
1,7.84118,273,92
1,7.84487,273,92
1,7.84829,273,92
1,7.85237,273,92
1,7.8557,273,92
1,7.85933,273,92
1,7.86284,273,92
1,7.8665,273,92
1,7.87011,273,92
1,7.87389,273,92
1,7.87735,273,92
1,7.88063,273,92
1,7.88457,273,92
1,7.8879,273,92
1,7.89197,274,92
1,7.89552,273,92
1,7.89951,273,92
1,7.90306,273,92
1,7.907,273,92
1,7.91076,273,92
1,7.91444,273,92
1,7.91805,273,93
1,7.92191,273,93
1,7.92565,273,93
1,7.92863,273,92
1,7.93168,273,92
1,7.93461,273,92
1,7.93885,273,92
1,7.94262,274,92
1,7.94671,274,92
1,7.94988,274,92
1,7.95372,274,92
1,7.95689,274,92
1,7.9605,274,92
1,7.96372,274,92
1,7.96709,274,93
1,7.97082,275,93
1,7.97438,275,92
1,7.97772,275,92
1,7.98083,275,92
1,7.9843,275,93
1,7.98732,276,93
1,7.9915,276,93
1,7.99533,276,92
1,7.99923,276,92
1,8.00246,276,92
1,8.00582,276,92
1,8.00934,277,92
1,8.01246,277,93
1,8.01661,277,93
1,8.02063,277,92
1,8.02452,277,92
1,8.02793,277,92
1,8.03188,277,92
1,8.0354,277,92
1,8.03928,276,92
1,8.04239,276,92
1,8.04585,276,92
1,8.04909,277,92
1,8.05279,277,92
1,8.0566,277,92
1,8.06007,277,93
1,8.06362,277,92
1,8.06718,277,92
1,8.07125,277,92
1,8.07489,277,92
1,8.07821,277,92
1,8.08134,277,93
1,8.08495,277,93
1,8.08869,278,93
1,8.09274,278,92
1,8.09663,278,92
1,8.09994,277,92
1,8.10338,277,92
1,8.10685,277,92
1,8.11033,277,92
1,8.11454,277,92
1,8.11808,277,92
1,8.12166,277,92
1,8.12526,277,92
1,8.12862,277,92
1,8.13215,277,91
1,8.13578,277,91
1,8.13975,277,90
1,8.14318,277,89
1,8.14624,277,88
1,8.14937,277,88
1,8.15253,278,87
1,8.15614,280,87
1,8.15995,282,87
1,8.16345,282,87
1,8.16676,281,87
1,8.17079,282,87
1,8.17429,282,87
1,8.17739,282,87
1,8.18087,282,87
1,8.1842,283,87
1,8.18745,283,87
1,8.1906,284,87
1,8.1941,284,87
1,8.19773,284,87
1,8.20133,285,88
1,8.20474,285,88
1,8.20828,286,88
1,8.21154,286,88
1,8.21515,287,88
1,8.2188,287,89
1,8.2225,287,90
1,8.22598,287,90
1,8.2295,286,91
1,8.23328,286,90
1,8.23633,286,90
1,8.23947,286,90
1,8.24281,286,90
1,8.24618,286,90
1,8.25007,287,90
1,8.25391,287,89
1,8.25779,286,89
1,8.26122,286,88
1,8.2646,285,88
1,8.268,285,87
1,8.27091,285,86
1,8.27409,285,86
1,8.27723,286,86
1,8.28051,287,86
1,8.2838,287,86
1,8.28731,287,86
1,8.29055,287,86
1,8.29363,287,87
1,8.2973,288,87
1,8.3006,289,86
1,8.30391,289,86
1,8.30703,289,87
1,8.31078,289,87
1,8.31404,290,87
1,8.31726,290,87
1,8.32081,290,87
1,8.32391,290,87
1,8.32768,290,87
1,8.33031,290,87
1,8.33365,290,87
1,8.3362,291,87
1,8.33998,292,87
1,8.34351,293,87
1,8.34657,293,87
1,8.34969,293,87
1,8.35252,293,87
1,8.35609,294,87
1,8.35959,294,87
1,8.36397,294,87
1,8.36732,294,87
1,8.37144,294,87
1,8.37509,294,87
1,8.37848,293,87
1,8.38146,293,87
1,8.38471,293,87
1,8.3881,294,87
1,8.39071,294,87
1,8.39397,294,87
1,8.39688,294,87
1,8.40075,294,87
1,8.40362,295,87
1,8.40668,295,87
1,8.40866,296,87
1,8.41218,297,87
1,8.41529,299,87
1,8.41862,299,87
1,8.42233,299,87
1,8.42534,299,87
1,8.42953,300,87
1,8.43248,299,87
1,8.43579,300,87
1,8.43951,300,87
1,8.44348,300,87
1,8.4468,299,86
1,8.45073,299,86
1,8.45417,299,87
1,8.45715,299,87
1,8.45998,299,87
1,8.46318,299,87
1,8.4664,299,86
1,8.46899,299,86
1,8.47228,300,87
1,8.47526,301,87
1,8.4785,301,87
1,8.48182,302,87
1,8.48518,302,87
1,8.48773,303,87
1,8.49037,303,86
1,8.49355,304,87
1,8.49684,305,87
1,8.50069,305,87
1,8.50431,305,87
1,8.50783,305,87
1,8.51128,305,87
1,8.51466,305,87
1,8.51839,305,86
1,8.52161,305,86
1,8.5251,305,87
1,8.52787,305,87
1,8.53123,305,87
1,8.53505,305,87
1,8.53865,305,87
1,8.54177,304,87
1,8.54503,304,87
1,8.54762,304,87
1,8.55086,304,87
1,8.55477,305,87
1,8.55791,305,87
1,8.56105,305,87
1,8.5642,305,87
1,8.5673,305,87
1,8.57027,305,87
1,8.57367,305,87
1,8.57641,305,87
1,8.57954,305,87
1,8.58273,306,87
1,8.58637,307,87
1,8.5897,307,87
1,8.59272,307,87
1,8.59623,307,87
1,8.59948,307,87
1,8.60273,307,87
1,8.60551,307,87
1,8.60879,307,88
1,8.61236,308,87
1,8.61556,308,87
1,8.61945,308,87
1,8.62255,308,87
1,8.62665,307,87
1,8.6297,307,87
1,8.63279,307,87
1,8.63574,307,87
1,8.63867,307,87
1,8.64242,307,87
1,8.64598,307,87
1,8.64908,307,87
1,8.65187,307,87
1,8.65526,307,87
1,8.65839,308,87
1,8.66188,308,87
1,8.66468,308,87
1,8.66829,308,87
1,8.67112,308,87
1,8.67413,309,87
1,8.67743,309,87
1,8.68083,309,87
1,8.68421,309,87
1,8.6874,309,87
1,8.69161,309,87
1,8.69467,309,87
1,8.69804,308,87
1,8.70128,308,87
1,8.70466,308,87
1,8.70797,308,87
1,8.71161,308,87
1,8.7151,308,87
1,8.71817,308,87
1,8.72132,307,87
1,8.72384,307,87
1,8.72716,308,87
1,8.73005,308,87
1,8.73355,309,87
1,8.73703,309,87
1,8.74043,309,87
1,8.74409,309,87
1,8.74778,308,87
1,8.75113,308,87
1,8.75417,307,87
1,8.75731,307,87
1,8.75994,307,87
1,8.76288,308,87
1,8.7654,308,87
1,8.76787,309,87
1,8.77122,310,87
1,8.77414,311,87
1,8.77734,311,87
1,8.78021,312,87
1,8.78324,312,87
1,8.78623,313,87
1,8.78986,313,87
1,8.79334,313,87
1,8.79697,313,88
1,8.79983,313,88
1,8.80327,313,88
1,8.80661,313,88
1,8.81008,313,88
1,8.8129,313,88
1,8.81591,313,88
1,8.81899,313,89
1,8.82225,313,89
1,8.82536,313,89
1,8.82841,313,87
1,8.83204,314,86
1,8.83432,314,86
1,8.83743,314,85
1,8.84026,318,85
1,8.84307,319,84
1,8.84628,321,84
1,8.84925,322,83
1,8.85231,322,83
1,8.85556,323,83
1,8.85892,324,84
1,8.8625,324,83
1,8.86577,323,83
1,8.86889,322,83
1,8.87254,322,83
1,8.87516,322,83
1,8.87809,322,84
1,8.88129,322,83
1,8.88398,323,83
1,8.88763,323,83
1,8.89084,323,83
1,8.8938,323,83
1,8.89717,323,82
1,8.89995,323,82
1,8.90336,323,82
1,8.90639,323,82
1,8.90841,324,82
1,8.91144,324,82
1,8.91363,326,82
1,8.91588,326,81
1,8.91911,328,81
1,8.92216,329,81
1,8.92462,330,81
1,8.92788,330,82
1,8.9306,331,83
1,8.93437,332,84
1,8.93751,332,84
1,8.94079,331,85
1,8.94382,331,86
1,8.94684,331,87
1,8.95004,331,87
1,8.95307,331,86
1,8.95646,331,87
1,8.95895,331,86
1,8.96218,331,85
1,8.96508,332,85
1,8.96775,333,85
1,8.97087,333,84
1,8.9734,335,84
1,8.97661,335,84
1,8.97965,336,85
1,8.9828,336,85
1,8.98582,336,85
1,8.98851,336,84
1,8.99195,336,84
1,8.99476,336,84
1,8.99728,337,83
1,9.00035,337,83
1,9.00301,338,83
1,9.0058,338,83
1,9.00854,340,83
1,9.01095,340,83
1,9.01398,341,82
1,9.01665,344,82
1,9.01942,344,83
1,9.02266,345,84
1,9.02556,345,85
1,9.02856,346,85
1,9.0315,346,85
1,9.03482,346,85
1,9.03784,346,85
1,9.04094,345,85
1,9.04376,345,86
1,9.04686,345,86
1,9.05014,345,87
1,9.05336,345,87
1,9.05662,344,87
1,9.05992,344,87
1,9.06283,342,87
1,9.06518,341,87
1,9.06841,341,87
1,9.0716,342,87
1,9.07469,342,87
1,9.07805,341,87
1,9.08035,341,86
1,9.08336,341,85
1,9.08664,342,85
1,9.08974,342,85
1,9.0932,341,86
1,9.09621,341,86
1,9.09892,340,87
1,9.10147,340,88
1,9.10494,340,87
1,9.10778,340,87
1,9.1106,341,87
1,9.11369,341,88
1,9.11694,341,88
1,9.12014,341,89
1,9.12332,340,89
1,9.12628,340,88
1,9.12942,340,88
1,9.13269,339,88
1,9.13614,339,88
1,9.13926,339,88
1,9.14208,338,88
1,9.1454,338,88
1,9.14847,337,88
1,9.15189,337,88
1,9.15468,337,87
1,9.15817,336,86
1,9.16164,336,85
1,9.16455,335,84
1,9.16764,334,84
1,9.17075,334,83
1,9.17299,333,83
1,9.17593,333,82
1,9.1786,336,82
1,9.18148,337,82
1,9.18451,338,82
1,9.18729,338,83
1,9.1904,339,84
1,9.19341,339,86
1,9.1966,339,86
1,9.19936,339,86
1,9.20264,340,86
1,9.2063,339,86
1,9.20946,338,87
1,9.21245,334,87
1,9.21514,334,87
1,9.21839,334,86
1,9.22133,334,86
1,9.22476,334,86
1,9.22765,334,87
1,9.23055,333,87
1,9.23358,333,86
1,9.23663,333,86
1,9.23998,333,85
1,9.24275,333,86
1,9.2461,333,86
1,9.24919,332,87
1,9.25314,332,87
1,9.25622,332,87
1,9.25917,330,87
1,9.26244,330,87
1,9.26583,330,88
1,9.26884,329,88
1,9.27212,329,88
1,9.27515,329,89
1,9.27828,328,89
1,9.28179,328,89
1,9.28474,328,89
1,9.28778,327,89
1,9.29125,327,89
1,9.2942,327,88
1,9.2968,326,88
1,9.30027,326,88
1,9.3038,326,88
1,9.30706,326,88
1,9.31024,325,88
1,9.31324,325,88
1,9.31641,325,88
1,9.31871,325,87
1,9.32258,325,87
1,9.32598,325,88
1,9.32944,324,88
1,9.33265,324,88
1,9.3361,323,88
1,9.3395,323,88
1,9.34317,322,88
1,9.34653,321,89
1,9.34996,320,89
1,9.35323,319,89
1,9.3567,319,89
1,9.3597,318,89
1,9.36281,317,89
1,9.36602,317,89
1,9.3697,317,89
1,9.37229,317,90
1,9.37558,317,89
1,9.37906,316,89
1,9.38257,316,89
1,9.38595,316,90
1,9.38944,315,89
1,9.39258,314,89
1,9.39685,314,89
1,9.4001,314,89
1,9.40332,313,89
1,9.40652,312,89
1,9.40985,312,89
1,9.41304,312,89
1,9.41622,311,89
1,9.42003,311,89
1,9.42331,311,89
1,9.42696,310,89
1,9.43004,309,89
1,9.43325,309,88
1,9.43617,309,88
1,9.43938,309,89
1,9.44225,309,89
1,9.44566,309,89
1,9.44863,309,89
1,9.45257,309,90
1,9.45572,309,90
1,9.4591,308,90
1,9.46234,308,90
1,9.46517,308,90
1,9.46814,308,90
1,9.4716,308,89
1,9.47516,308,89
1,9.47851,308,89
1,9.48172,308,89
1,9.48556,308,88
1,9.48816,308,87
1,9.49147,308,86
1,9.49404,307,86
1,9.49715,308,87
1,9.50094,309,88
1,9.5038,309,88
1,9.50684,309,87
1,9.51001,309,87
1,9.51314,309,87
1,9.51588,309,88
1,9.519,309,88
1,9.52212,310,88
1,9.5259,310,87
1,9.52942,310,87
1,9.53239,310,87
1,9.53557,310,87
1,9.53867,310,88
1,9.54169,310,88
1,9.54481,310,88
1,9.54767,310,89
1,9.55045,311,89
1,9.55351,311,89
1,9.55671,312,89
1,9.56031,312,90
1,9.56318,312,90
1,9.5665,312,90
1,9.56982,312,90
1,9.57307,312,91
1,9.57571,312,91
1,9.57876,312,90
1,9.58164,313,90
1,9.58502,313,90
1,9.58792,313,89
1,9.59123,313,89
1,9.59436,313,89
1,9.59818,313,89
1,9.6018,313,89
1,9.60529,313,89
1,9.60833,313,88
1,9.6113,312,87
1,9.61455,312,87
1,9.6178,312,88
1,9.62119,312,88
1,9.6246,312,88
1,9.62776,312,87
1,9.63088,312,87
1,9.63447,312,88
1,9.63759,312,88
1,9.64152,311,88
1,9.64544,311,88
1,9.64905,310,88
1,9.65204,309,88
1,9.65577,308,89
1,9.65888,308,89
1,9.66173,308,89
1,9.66521,307,89
1,9.66839,307,89
1,9.67188,307,90
1,9.67545,307,90
1,9.67874,307,90
1,9.68236,306,89
1,9.6855,306,89
1,9.68894,305,89
1,9.69226,305,89
1,9.6956,305,90
1,9.6992,305,90
1,9.70302,305,90
1,9.70638,305,89
1,9.70973,304,89
1,9.71274,303,89
1,9.71574,303,89
1,9.71884,303,89
1,9.72157,304,89
1,9.7245,304,89
1,9.72786,304,89
1,9.73102,305,89
1,9.73441,305,89
1,9.73808,305,89
1,9.7416,305,89
1,9.74527,305,89
1,9.74817,304,89
1,9.7509,304,88
1,9.75289,304,88
1,9.75508,305,87
1,9.75753,306,88
1,9.76087,307,88
1,9.76435,308,87
1,9.76728,308,86
1,9.77098,308,85
1,9.77489,309,83
1,9.77758,308,83
1,9.78092,309,82
1,9.78356,309,83
1,9.78661,309,83
1,9.7895,313,83
1,9.79183,313,83
1,9.79393,315,83
1,9.79584,318,83
1,9.7983,321,84
1,9.80095,325,84
1,9.80339,330,84
1,9.80627,335,84
1,9.80918,342,83
1,9.81221,342,83
1,9.81563,341,83
1,9.81817,338,84
1,9.82068,338,84
1,9.8234,338,84
1,9.8264,342,84
1,9.82943,344,84
1,9.8318,342,84
1,9.83478,342,84
1,9.83738,346,85
1,9.83996,348,85
1,9.84237,350,85
1,9.84517,351,85
1,9.84813,354,85
1,9.85107,354,85
1,9.85409,350,85
1,9.85734,348,85
1,9.86076,345,85
1,9.86429,339,85
1,9.86751,335,85
1,9.87089,330,84
1,9.87349,329,84
1,9.87615,329,84
1,9.87918,335,84
1,9.88125,338,84
1,9.8842,339,84
1,9.88675,345,84
1,9.8895,346,84
1,9.89211,347,84
1,9.89454,348,84
1,9.89703,349,84
1,9.89927,351,84
1,9.90208,352,85
1,9.90505,356,85
1,9.90733,356,85
1,9.91026,356,85
1,9.91343,357,85
1,9.91706,357,85
1,9.92006,356,85
1,9.92373,354,85
1,9.92659,354,85
1,9.92937,351,85
1,9.93262,351,85
1,9.93526,350,85
1,9.93854,350,85
1,9.94139,350,84
1,9.94416,349,84
1,9.94697,349,84
1,9.95,349,85
1,9.95398,349,85
1,9.95739,349,85
1,9.96063,347,84
1,9.96292,346,84
1,9.96554,346,84
1,9.96895,346,84
1,9.97132,346,84
1,9.97393,347,84
1,9.97652,347,84
1,9.97906,347,84
1,9.98238,348,84
1,9.98547,348,84
1,9.98852,348,84
1,9.99131,347,84
1,9.99393,347,84
1,9.9974,347,84
1,10.00004,347,84
1,10.00309,347,84
1,10.0065,347,84
1,10.00971,347,84
1,10.01258,346,84
1,10.0144,346,84
1,10.01686,346,84
1,10.0192,347,84
1,10.02141,348,84
1,10.02437,349,84
1,10.02751,350,85
1,10.03075,350,85
1,10.03369,350,85
1,10.03741,350,84
1,10.04008,350,84
1,10.04258,349,84
1,10.04525,349,84
1,10.04779,349,84
1,10.05081,350,84
1,10.05384,350,84
1,10.05622,350,84
1,10.05934,350,84
1,10.06218,350,85
1,10.06492,350,85
1,10.06764,350,85
1,10.07011,351,85
1,10.0729,351,85
1,10.07557,352,85
1,10.07851,352,85
1,10.0812,352,85
1,10.08405,352,85
1,10.08689,352,86
1,10.08977,354,86
1,10.09311,354,85
1,10.09541,354,85
1,10.0983,354,85
1,10.10104,354,84
1,10.10353,354,84
1,10.10667,354,85
1,10.10908,354,85
1,10.11195,355,85
1,10.11471,355,85
1,10.11735,356,84
1,10.12043,356,84
1,10.12308,356,85
1,10.12612,356,85
1,10.12845,356,85
1,10.13143,356,85
1,10.13452,357,85
1,10.13749,357,84
1,10.14069,356,84
1,10.14321,356,84
1,10.14619,356,84
1,10.14934,356,85
1,10.15223,356,85
1,10.15505,356,85
1,10.15746,356,84
1,10.16082,356,84
1,10.16387,356,84
1,10.16661,355,84
1,10.16942,355,84
1,10.17187,355,84
1,10.17442,355,84
1,10.17748,356,84
1,10.18018,356,84
1,10.1835,356,84
1,10.18601,356,85
1,10.18848,356,85
1,10.1908,356,85
1,10.19316,356,85
1,10.19563,357,84
1,10.19818,358,84
1,10.20125,358,84
1,10.20326,360,84
1,10.20599,360,84
1,10.209,361,84
1,10.21296,361,84
1,10.21593,361,84
1,10.21838,360,84
1,10.22087,360,84
1,10.22426,360,84
1,10.22681,360,84
1,10.23003,360,85
1,10.23225,360,85
1,10.23472,360,84
1,10.23702,360,84
1,10.23981,361,84
1,10.24301,362,84
1,10.24525,362,85
1,10.24834,362,85
1,10.25109,362,85
1,10.25347,362,85
1,10.25623,362,84
1,10.25843,362,84
1,10.26115,363,84
1,10.26342,365,85
1,10.26602,365,85
1,10.26876,366,85
1,10.27137,366,85
1,10.27394,366,85
1,10.27645,367,85
1,10.2786,367,85
1,10.28103,368,85
1,10.28354,370,85
1,10.28636,370,85
1,10.289,371,85
1,10.29219,371,85
1,10.29457,371,85
1,10.2973,371,86
1,10.2999,372,86
1,10.30257,372,86
1,10.30487,372,86
1,10.30719,372,86
1,10.31041,373,85
1,10.31256,373,85
1,10.31525,375,84
1,10.31799,375,84
1,10.32051,375,84
1,10.32361,376,84
1,10.32604,376,84
1,10.32873,376,84
1,10.33163,376,84
1,10.33354,376,84
1,10.33628,376,84
1,10.33885,377,84
1,10.3415,379,84
1,10.34428,379,83
1,10.34678,379,83
1,10.34962,379,84
1,10.35223,379,84
1,10.35544,379,84
1,10.35822,379,84
1,10.3606,379,84
1,10.36324,379,84
1,10.36576,380,84
1,10.36873,380,84
1,10.37135,380,84
1,10.3731,380,84
1,10.37519,380,85
1,10.37691,381,85
1,10.37869,383,84
1,10.38129,384,84
1,10.38416,386,84
1,10.38618,387,84
1,10.38878,387,84
1,10.3914,388,84
1,10.39414,388,84
1,10.39651,388,83
1,10.39926,390,83
1,10.40169,390,84
1,10.40472,390,84
1,10.40692,390,84
1,10.40942,390,84
1,10.41244,391,84
1,10.41526,391,84
1,10.41756,391,84
1,10.41962,391,84
1,10.42229,391,84
1,10.42537,393,84
1,10.42864,393,84
1,10.43225,391,85
1,10.43483,391,85
1,10.43763,388,85
1,10.44068,388,85
1,10.44371,388,85
1,10.44736,387,85
1,10.44949,387,85
1,10.45225,386,85
1,10.45495,386,85
1,10.45723,384,85
1,10.46004,384,85
1,10.46238,384,85
1,10.46527,384,85
1,10.46748,384,85
1,10.47008,386,86
1,10.47222,386,86
1,10.47405,386,86
1,10.47705,387,86
1,10.4799,387,86
1,10.48191,387,85
1,10.48391,387,85
1,10.4859,388,85
1,10.48768,390,85
